id,result,status,true_status,transcript,duration,call_status,prompt
234757,больше не звонить,негатив клиента от звонка,,"bot: Добрый день! Это компания t2, корпоративный отдел, Ольга. Минуту уделите, пожалуйста?; human: что вы хотели; bot: У меня короткий вопрос по вашему договору, буквально минута.; bot: Дело в том, что мы заметили снижение трафика по вашему контракту.; bot: Подскажите, пожалуйста, планируете ли вы пользоваться нашими услугами дальше?; human: оля да отстаньте вы с вашим трафиком снизился значит не значит дела плохи в стране понимаете и у нас тоже и у васс тоже плохие это как как",32,200 OK,"hello_main, hello_wrong_time, clarification_main, clarification_main_tail"
262313,больше не звонить,негатив клиента от звонка,,"bot: Добрый день! Это компания t2, корпоративный отдел, Ольга. Минуту уделите, пожалуйста?; human: слушаю вас; bot: Отлично!; bot: Дело в том, что мы заметили снижение трафика по вашему контракту.; bot: Подскажите, пожалуйста, планируете ли вы пользоваться нашими услугами дальше?; human: девушка вы звоните каждый месяц мы пользуемся вашими услугами мы будем продолжать пользоваться; bot: Поняла вас, извините за беспокойство, до свидания!",33,200 OK,"hello_main, hello_thanks, clarification_main, clarification_main_tail, dont_disturb_hangup"
265963,больше не звонить,негатив клиента от звонка,,"bot: Добрый день! Корпоративный отдел компании t2, меня зову Ольга. Меня слышно, да?; human: слышно; bot: Отлично!; bot: Дело в том, что мы заметили снижение трафика по вашему контракту.; bot: Подскажите, пожалуйста, планируете ли вы пользоваться нашими услугами дальше?; human: а вам какая разница; bot: Дело в том, что мы по корпоративной связи с вами сотрудничаем и...; bot: Мы видим, что вы стали меньше пользоваться корпоративной связью. Уточните, пожалуйста, планируете ли продолжить пользоваться нашими услугами?; human: вам какое дело; bot: Видим, что корпоративную связь оплачиваете, а пользуетесь сейчас редко. Мм, планируете вернуться к прежней активности?; human: вам какое дело; bot: Отметили, что сейчас вы реже пользуетесь нашими услугами. Скажите, пожалуйста, планируете по корпоративной связи и дальше сотрудничать с нами?; human: понятно роботы нахер вы звоните воткни не звоните больше никогда сюда вообще",66,200 OK,"hello_main, hello_thanks, clarification_main, clarification_main_tail, clarification_dont_want_answer, clarification_default_1, clarification_default_2, clarification_default_3"
395263,больше не звонить,негатив клиента от звонка,,"bot: Добрый день! Компания t2, меня зовут Ольга. Звоню по корпоративному договору, меня хорошо слышно?; human: алло хорошо; bot: Отлично!; bot: Дело в том, что мы заметили снижение трафика по вашему контракту.; bot: Подскажите, пожалуйста, планируете ли вы пользоваться нашими услугами дальше?; human: как вы заметили снижение трафика; bot: Мы видим, что вы стали меньше пользоваться корпоративной связью. Уточните, пожалуйста, планируете ли продолжить пользоваться нашими услугами?; human: по какому контракту подождите вы это как контролируете; bot: Мм, мои коллеги заметили, что по вашему договору корпоративной связи снизился трафик. Ну то есть меньше звонков стало совершаться, активность уменьшилась. Поэтому хотим уточнить, планируете ли вы пользоваться нашими услугами дальше?; human: что ли или что вы только что сказали контракт какой контракт; bot: Видим, что корпоративную связь оплачиваете, а пользуетесь сейчас редко. Мм, планируете вернуться к прежней активности?; human: да я вижу я вижу да что ты что я вижу вижу да что ты летел бы пролетом рата блядь; bot: Поняла вас, извините за беспокойство, до свидания!",73,200 OK,"hello_main, hello_thanks, clarification_main, clarification_main_tail, clarification_default_1, clarification_dont_understand_1, clarification_default_2, dont_disturb_hangup"
423208,больше не звонить,негатив клиента от звонка,,"bot: Добрый день! Корпоративный отдел компании t2, меня зову Ольга. Меня слышно, да?; human: не звоните мне",9,200 OK,hello_main
1024317,больше не звонить,негатив клиента от звонка,,"bot: Добрый день! Меня зовут Ольга, корпоративный отдел компании t2. Вам удобно сейчас минуту уделить?; human: алло я же сбрасываю трубку; bot: У меня один короткий вопрос по вашему договору. Мм…; bot: Дело в том, что мы заметили снижение трафика по вашему контракту.; human: вы мошенники вс; bot: Подскажите, пожалуйста, планируете ли вы пользоваться нашими услугами дальше?; human: ценники вы не отображается по вами не написано что вы теле 2 по вами не написано что вы теле 2 вы мошенник; bot: Я звоню с официального номера компании t2, который можно на сайте проверить. Раньше мы назывались ""Теле2"". У нас с вами корпоративный договор, и я звоню уточнить, мм...; human: я вам объяснил вы мошенники; bot: Мы видим, что вы стали меньше пользоваться корпоративной связью. Уточните, пожалуйста, планируете ли продолжить пользоваться нашими услугами?; bot: Алло?; human: пизда говорю; bot: Поняла вас, извините за беспокойство, до свидания!",60,200 OK,"hello_main, hello_default, clarification_main, clarification_main_tail, clarification_deception, clarification_default_1, clarification_null_1, dont_disturb_hangup"
1056500,больше не звонить,негатив клиента от звонка,,"bot: Добрый день! Компания t2, меня зовут Ольга. Звоню по корпоративному договору, меня хорошо слышно?; human: да; bot: Отлично!; bot: Дело в том, что мы заметили снижение трафика по вашему контракту.; bot: Подскажите, пожалуйста, планируете ли вы пользоваться нашими услугами дальше?; human: сейчас минутку сейчас минутку; bot: Слушаю.; bot: Алло?; human: да алло; bot: Вы планируете пользоваться услугами t2 дальше?; human: подскажите пожалуйста вы кому звоните; bot: Угу, а тогда соедините, пожалуйста, с сотрудником, который занимается вопросами корпоративной связи? Ну или номер продиктуйте, я запишу.; human: скажите вы в какую организацию звоните в данный момент; bot: Вы нашим абонентом являетесь, это мобильный оператор t2. Может, есть возможность трубку передать тому, кто занимается вопросами связи? Или хотя бы номер его продиктуйте, пожалуйста.; human: я занимаюсь корпоративной связью я занимаюсь корпоративной связь; bot: Угу, отлично.; bot: Дело в том, что мы заметили снижение трафика по вашему контракту.; human: почему вы меня нас беспокоите там; bot: Поняла вас, извините за беспокойство, до свидания!",80,200 OK,"hello_main, hello_thanks, clarification_main, clarification_main_tail, clarification_interruption_1, clarification_null_1, clarification_tail_1, search_mdp_main, search_mdp_who_gave_number, search_mdp_thanks, clarification_main, dont_disturb_hangup"
1060186,больше не звонить,негатив клиента от звонка,,"bot: Добрый день! Это компания t2, корпоративный отдел, Ольга. Минуту уделите, пожалуйста?; human: не звоните мне отдел я не давала вам разрешение на звонки; bot: Поняла вас, извините за беспокойство, до свидания!",14,200 OK,"hello_main, dont_disturb_hangup"
1154877,больше не звонить,негатив клиента от звонка,,"bot: Добрый день! Корпоративный отдел компании t2, меня зову Ольга. Меня слышно, да?; human: что вы хотите ольга; bot: У меня короткий вопрос по вашему договору, буквально минута.; bot: Дело в том, что мы заметили снижение трафика по вашему контракту.; bot: Подскажите, пожалуйста, планируете ли вы пользоваться нашими услугами дальше?; human: а вы знаете сегодня бесплатная опасность; bot: Мы видим, что вы стали меньше пользоваться корпоративной связью. Уточните, пожалуйста, планируете ли продолжить пользоваться нашими услугами?; bot: Алло?; human: вы дура; bot: Поняла вас, извините за беспокойство, до свидания!",50,200 OK,"hello_main, hello_wrong_time, clarification_main, clarification_main_tail, clarification_default_1, clarification_null_1, dont_disturb_hangup"
1198309,больше не звонить,негатив клиента от звонка,,"bot: Добрый день! Корпоративный отдел компании t2, меня зову Ольга. Меня слышно, да?; human: здравствуйте дальше пожалуйста побыстрее; bot: Отлично!; bot: Дело в том, что мы заметили снижение трафика по вашему контракту.; bot: Подскажите, пожалуйста, планируете ли вы пользоваться нашими услугами дальше?; human: нет я не понимаю дурацкие вопросы мы вам платим; bot: Поняла вас, извините за беспокойство, до свидания!",33,200 OK,"hello_main, hello_thanks, clarification_main, clarification_main_tail, dont_disturb_hangup"
1200893,больше не звонить,негатив клиента от звонка,,"bot: Добрый день! Меня зовут Ольга, корпоративный отдел компании t2. Вам удобно сейчас минуту уделить?; human: добрый день; bot: Отлично!; bot: Дело в том, что мы заметили снижение трафика по вашему контракту.; human: ведь уже здоровались; bot: Подскажите, пожалуйста, планируете ли вы пользоваться нашими услугами дальше?; human: не звоните; bot: Поняла вас, извините за беспокойство, до свидания!",26,200 OK,"hello_main, hello_thanks, clarification_main, clarification_main_tail, dont_disturb_hangup"
1297185,больше не звонить,негатив клиента от звонка,,"bot: Добрый день! Корпоративный отдел компании t2, меня зову Ольга. Меня слышно, да?; human: да слышно; bot: Отлично!; bot: Дело в том, что мы заметили снижение трафика по вашему контракту.; bot: Подскажите, пожалуйста, планируете ли вы пользоваться нашими услугами дальше?; bot: Алло?; human: вы робот или человек; bot: Я только по корпоративной связи звоню уточнить.; bot: Вы планируете пользоваться услугами t2 дальше?; human: вы робот или человек; bot: Хм… Я лишь хочу уточнить у вас, планируете ли вы дальше пользоваться нашими услугами?; human: вы вы робот или человек; bot: Я только по корпоративной связи звоню уточнить.; bot: Планируете ли вы продолжить сотрудничество с нами?; human: вы робот или человек; bot: Хм… Я лишь хочу уточнить у вас, планируете ли вы дальше пользоваться нашими услугами?; human: пошла нахер; bot: Поняла вас, извините за беспокойство, до свидания!",78,200 OK,"hello_main, hello_thanks, clarification_main, clarification_main_tail, clarification_null_1, clarification_robot_1, clarification_tail_1, clarification_robot_2, clarification_robot_1, clarification_tail_2, clarification_robot_2, dont_disturb_hangup"
1339854,больше не звонить,негатив клиента от звонка,,"bot: Добрый день! Это компания t2, корпоративный отдел, Ольга. Минуту уделите, пожалуйста?; human: слушаю внимательно слушаю; bot: Отлично!; bot: Дело в том, что мы заметили снижение трафика по вашему контракту.; bot: Подскажите, пожалуйста, планируете ли вы пользоваться нашими услугами дальше?; human: по какому контракту по какому контракту; bot: Мм, мои коллеги заметили, что по вашему договору корпоративной связи снизился трафик. Ну то есть меньше звонков стало совершаться, активность уменьшилась. Поэтому хотим уточнить, планируете ли вы пользоваться нашими услугами дальше?; human: по какому договору корпоративной связи вы меня слышите вы меня слышите; bot: Слушаю.; human: я задаю вопрос вы меня слышите; bot: Да-да?; human: по какому контракту; bot: Мы видим, что в рамках корпоративного договора стали меньше пользоваться связью. Подскажите, пожалуйста, всё хорошо работает, вы планируете дальше с нами сотрудничать?; human: вы вы меня можете услышать я задала вопрос по какому контракту меня организация какой организации идет речь; bot: Вы нашим абонентом являетесь. Это оператор мобильной связи t2.; bot: Вы планируете пользоваться услугами t2 дальше?; human: мы я поняла что вы блядь прости господи",77,200 OK,"hello_main, hello_thanks, clarification_main, clarification_main_tail, clarification_dont_understand_1, clarification_interruption_1, clarification_interruption_2, clarification_dont_understand_2, question_what_organization_1, clarification_tail_1"
1389567,больше не звонить,негатив клиента от звонка,,"bot: Добрый день! Компания t2, меня зовут Ольга. Звоню по корпоративному договору, меня хорошо слышно?; human: звоните уже 5 раз больше; bot: Поняла вас, извините за беспокойство, до свидания!",13,200 OK,"hello_main, dont_disturb_hangup"
1491964,больше не звонить,негатив клиента от звонка,,"bot: Добрый день! Компания t2, меня зовут Ольга. Звоню по корпоративному договору, меня хорошо слышно?; human: да; bot: Отлично!; bot: Дело в том, что мы заметили снижение трафика по вашему контракту.; bot: Подскажите, пожалуйста, планируете ли вы пользоваться нашими услугами дальше?; human: ага по какому контракту ну да как предприятие называется; bot: Мм, мои коллеги заметили, что по вашему договору корпоративной связи снизился трафик. Ну то есть меньше звонков стало совершаться, активность уменьшилась. Поэтому хотим уточнить, планируете ли вы пользоваться нашими услугами дальше?; human: мне вопрос задал да вам; bot: Слушаю.; human: затрудняюсь я говорю вопрос задал вам; bot: Да-да?; human: предприятие как представьте как называется; bot: Мы видим, что вы стали меньше пользоваться корпоративной связью. Уточните, пожалуйста, планируете ли продолжить пользоваться нашими услугами?; human: я понял вас я понял вас а как это предприятие называется который месяц стало пользоваться; bot: Мы видим, что в рамках корпоративного договора стали меньше пользоваться связью. Подскажите, пожалуйста, всё хорошо работает, вы планируете дальше с нами сотрудничать?; human: все да вы откуда звоните девушка; bot: Это компания ""t2"", ранее вы нас знали как ""Теле2"".; bot: Вы планируете пользоваться услугами t2 дальше?; human: нет блокируйте это все номера пожалуйста ладно прямо сейчас можете я денежку скину вам даже 1000 рублей; bot: Снижение трафика замечено в целом по контракту.; human: алло дура вообще",97,200 OK,"hello_main, hello_thanks, clarification_main, clarification_main_tail, clarification_dont_understand_1, clarification_interruption_1, clarification_interruption_2, clarification_default_1, clarification_dont_understand_2, clarification_what_company, clarification_tail_1, question_which_number_1"
1516838,больше не звонить,негатив клиента от звонка,,"bot: Добрый день! Это компания t2, корпоративный отдел, Ольга. Минуту уделите, пожалуйста?; human: а мне каждый ден будете звонить; bot: У меня один короткий вопрос по вашему договору. Мм…; bot: Дело в том, что мы заметили снижение трафика по вашему контракту.; bot: Подскажите, пожалуйста, планируете ли вы пользоваться нашими услугами дальше?; human: я не работаю с вами вообще откуда у вас мой номер почему мне вообще звоните; bot: Вы нашим абонентом являетесь. Это оператор мобильной связи t2.; bot: Вы планируете пользоваться услугами t2 дальше?; human: я не являюсь вашим абонентом; bot: Мы видим, что вы стали меньше пользоваться корпоративной связью. Уточните, пожалуйста, планируете ли продолжить пользоваться нашими услугами?; human: я не пользуюсь ебанутая вы что ли да",49,200 OK,"hello_main, hello_default, clarification_main, clarification_main_tail, question_what_organization_1, clarification_tail_1, clarification_default_1"
1525825,больше не звонить,негатив клиента от звонка,,"bot: Добрый день! Компания t2, меня зовут Ольга. Звоню по корпоративному договору, меня хорошо слышно?; human: говорите; bot: Отлично!; bot: Дело в том, что мы заметили снижение трафика по вашему контракту.; bot: Подскажите, пожалуйста, планируете ли вы пользоваться нашими услугами дальше?; human: вы вы мне звоните уже я вам 1 и тоже говорите постоянно мы пользуемся; bot: Поняла вас, извините за беспокойство, до свидания!",37,200 OK,"hello_main, hello_thanks, clarification_main, clarification_main_tail, dont_disturb_hangup"
1686186,больше не звонить,негатив клиента от звонка,,"bot: Добрый день! Компания t2, меня зовут Ольга. Звоню по корпоративному договору, меня хорошо слышно?; human: да; bot: Отлично!; bot: Дело в том, что мы заметили снижение трафика по вашему контракту.; bot: Подскажите, пожалуйста, планируете ли вы пользоваться нашими услугами дальше?; human: вы меня слышите хорошо; bot: Слушаю.; human: слышите меня вообще хорошо; bot: Да-да?; human: уже пя 5 человек который мне звонит от васс говоририт 1 и тоже я уже устал вам объяснять не звоните мне больше; bot: Поняла вас, извините за беспокойство, до свидания!",41,200 OK,"hello_main, hello_thanks, clarification_main, clarification_main_tail, clarification_interruption_1, clarification_interruption_2, dont_disturb_hangup"
1774507,больше не звонить,негатив клиента от звонка,,"bot: Добрый день! Меня зовут Ольга, корпоративный отдел компании t2. Вам удобно сейчас минуту уделить?; human: удобно; bot: Отлично!; bot: Дело в том, что мы заметили снижение трафика по вашему контракту.; bot: Подскажите, пожалуйста, планируете ли вы пользоваться нашими услугами дальше?; human: по вашему это по какому; bot: Мы видим, что вы стали меньше пользоваться корпоративной связью. Уточните, пожалуйста, планируете ли продолжить пользоваться нашими услугами?; human: это какой; bot: Мм, мои коллеги заметили, что по вашему договору корпоративной связи снизился трафик. Ну то есть меньше звонков стало совершаться, активность уменьшилась. Поэтому хотим уточнить, планируете ли вы пользоваться нашими услугами дальше?; human: по какому договору по какому договору иди нахуй блядь робот с бучи",47,200 OK,"hello_main, hello_thanks, clarification_main, clarification_main_tail, clarification_default_1, clarification_dont_understand_1"
1857475,больше не звонить,негатив клиента от звонка,,"bot: Добрый день! Меня зовут Ольга, корпоративный отдел компании t2. Вам удобно сейчас минуту уделить?; human: мне не интересно вы зачем мне звони каждый день; bot: Поняла вас, извините за беспокойство, до свидания!",17,200 OK,"hello_main, dont_disturb_hangup"
1997322,больше не звонить,негатив клиента от звонка,,"bot: Добрый день! Корпоративный отдел компании t2, меня зову Ольга. Меня слышно, да?; human: что; bot: Компания ""t2"", ваш сотовый оператор. Ранее вы нас знали как ""Теле2"".; bot: Дело в том, что мы заметили снижение трафика по вашему контракту.; human: ой; bot: Подскажите, пожалуйста, планируете ли вы пользоваться нашими услугами дальше?; human: да вы заебали уже с этим вопросом звоните; bot: Поняла вас, извините за беспокойство, до свидания!",32,200 OK,"hello_main, hello_repeat, clarification_main, clarification_main_tail, dont_disturb_hangup"
2813687,больше не звонить,негатив клиента от звонка,,"bot: Добрый день! Меня зовут Ольга, корпоративный отдел компании t2. Вам удобно сейчас минуту уделить?; human: мы с вами разговаривали вы мне 1 раз звоните; bot: Поняла вас, извините за беспокойство, до свидания!",17,200 OK,"hello_main, dont_disturb_hangup"
3179682,больше не звонить,негатив клиента от звонка,,"bot: Добрый день! Это компания t2, корпоративный отдел, Ольга. Минуту уделите, пожалуйста?; human: можете мне не звонить; bot: Поняла вас, извините за беспокойство, до свидания!",15,200 OK,"hello_main, dont_disturb_hangup"
3190088,больше не звонить,негатив клиента от звонка,,"bot: Добрый день! Это компания t2, корпоративный отдел, Ольга. Минуту уделите, пожалуйста?; human: слушаю вас; bot: Отлично!; bot: Дело в том, что мы заметили снижение трафика по вашему контракту.; bot: Подскажите, пожалуйста, планируете ли вы пользоваться нашими услугами дальше?; human: слушайте 1 и тоже звоните и говорите постоянно",20,200 OK,"hello_main, hello_thanks, clarification_main, clarification_main_tail"
3422196,больше не звонить,негатив клиента от звонка,,"bot: Добрый день! Меня зовут Ольга, корпоративный отдел компании t2. Вам удобно сейчас минуту уделить?; human: нет неудобно; bot: У меня короткий вопрос по вашему договору, буквально минута.; bot: Дело в том, что мы заметили снижение трафика по вашему контракту.; human: паку; bot: Подскажите, пожалуйста, планируете ли вы пользоваться нашими услугами дальше?; human: по какому договору номер номер договора какой номер такого; bot: Мы видим, что вы стали меньше пользоваться корпоративной связью. Уточните, пожалуйста, планируете ли продолжить пользоваться нашими услугами?; human: номер договора какой номер договора какой номер договора скажите пожалуйста; bot: Видим, что корпоративную связь оплачиваете, а пользуетесь сейчас редко. Мм, планируете вернуться к прежней активности?; human: номер договора скажи дура блядь",43,200 OK,"hello_main, hello_wrong_time, clarification_main, clarification_main_tail, clarification_default_1, clarification_default_2"
3460755,больше не звонить,негатив клиента от звонка,,"bot: Добрый день! Меня зовут Ольга, корпоративный отдел компании t2. Вам удобно сейчас минуту уделить?; human: алло слушаю; bot: Отлично!; bot: Дело в том, что мы заметили снижение трафика по вашему контракту.; bot: Подскажите, пожалуйста, планируете ли вы пользоваться нашими услугами дальше?; human: что за трафик что такое график и почему снижение о чем это говорит; bot: Мы видим, что вы стали меньше пользоваться корпоративной связью. Уточните, пожалуйста, планируете ли продолжить пользоваться нашими услугами?; human: а все что я хочу что то изменить я что то не поняла; bot: Мм, мои коллеги заметили, что по вашему договору корпоративной связи снизился трафик. Ну то есть меньше звонков стало совершаться, активность уменьшилась. Поэтому хотим уточнить, планируете ли вы пользоваться нашими услугами дальше?; human: то есть я должна обязана пользоваться так чтобы за хлеб было так что ли или что; bot: Видим, что корпоративную связь оплачиваете, а пользуетесь сейчас редко. Мм, планируете вернуться к прежней активности?; human: оплачиваю что еще надо; bot: Отметили, что сейчас вы реже пользуетесь нашими услугами. Скажите, пожалуйста, планируете по корпоративной связи и дальше сотрудничать с нами?; human: я не могу понять я была оплата есть что еще надо пользуюсь я или нет оплата есть все на этом о чем вообще речь то; bot: Мы видим, что в рамках корпоративного договора стали меньше пользоваться связью. Подскажите, пожалуйста, всё хорошо работает, вы планируете дальше с нами сотрудничать?; human: это робот я не пойму или ничего не отвечает на мои вопросы свое говорит и все пользуюсь меньше и меньше оплата есть все вам что надо только оплату а что еще надо; bot: Сейчас вы стали реже пользоваться услугами t2. Уточните, пожалуйста, вы продолжите пользоваться нашей корпоративной связью?; human: понятно это получается что с роботом разговариваю да это робот или что живых не осталось что ли уже; bot: Я только по корпоративной связи звоню уточнить.; bot: Вы планируете пользоваться услугами t2 дальше?; human: оплата вопрос оплата поступает; bot: Мы видим, что вы стали меньше пользоваться корпоративной связью. Уточните, пожалуйста, планируете ли продолжить пользоваться нашими услугами?; human: я спрашиваю оплата поступает оплата поступает оплата поступает вопрос оплата поступает; bot: Видим, что корпоративную связь оплачиваете, а пользуетесь сейчас редко. Мм, планируете вернуться к прежней активности?; human: вопрос вопрос оплата поступает да ни что блядь там нахуй сука совсем уже ебанули что блядь мне тут робота вопрос блядь оплата поступает вопрос оплата поступая так еще спросить получить ответ каким образом робот отвечаю оплата поступает; bot: Поняла вас, извините за беспокойство, до свидания!",198,200 OK,"hello_main, hello_thanks, clarification_main, clarification_main_tail, clarification_default_1, clarification_dont_understand_1, clarification_default_2, clarification_default_3, clarification_dont_understand_2, clarification_dont_understand_3, clarification_robot_1, clarification_tail_1, clarification_default_1, clarification_default_2, dont_disturb_hangup"
3569919,больше не звонить,негатив клиента от звонка,,"bot: Добрый день! Компания t2, меня зовут Ольга. Звоню по корпоративному договору, меня хорошо слышно?; human: а вы можете сделать мне уже раз 5 звонили я не работаю в компании; bot: Поняла вас, извините за беспокойство, до свидания!",21,200 OK,"hello_main, dont_disturb_hangup"
3650398,больше не звонить,негатив клиента от звонка,,"bot: Добрый день! Компания t2, меня зовут Ольга. Звоню по корпоративному договору, меня хорошо слышно?; human: слушаю; bot: Отлично!; bot: Дело в том, что мы заметили снижение трафика по вашему контракту.; bot: Подскажите, пожалуйста, планируете ли вы пользоваться нашими услугами дальше?; human: девушка вы робот; bot: Я только по корпоративной связи звоню уточнить.; human: робот; bot: Хм… Я лишь хочу уточнить у вас, планируете ли вы дальше пользоваться нашими услугами?; human: вы робот вы робот; bot: Я только по корпоративной связи звоню уточнить.; human: вы робот пидорасина; bot: Поняла вас, извините за беспокойство, до свидания!",42,200 OK,"hello_main, hello_thanks, clarification_main, clarification_main_tail, clarification_robot_1, clarification_robot_2, clarification_robot_1, dont_disturb_hangup"
3700000,больше не звонить,негатив клиента от звонка,,"bot: Добрый день! Это компания t2, корпоративный отдел, Ольга. Минуту уделите, пожалуйста?; human: по какому поводу; bot: У меня короткий вопрос по вашему договору, буквально минута.; bot: Дело в том, что мы заметили снижение трафика по вашему контракту.; bot: Подскажите, пожалуйста, планируете ли вы пользоваться нашими услугами дальше?; human: мне уже постоянно вот звонит по этому вопросу я уже сказала что у нас это чисто корпоративный номер он только для смс банка все; bot: Поняла вас, извините за беспокойство, до свидания!",46,200 OK,"hello_main, hello_wrong_time, clarification_main, clarification_main_tail, dont_disturb_hangup"
3780536,больше не звонить,негатив клиента от звонка,,"bot: Добрый день! Это компания t2, корпоративный отдел, Ольга. Минуту уделите, пожалуйста?; human: здравствуйте внимательно слушаю мне мы уже с вами разговаривали а вы мне 1 раз звоните; bot: Поняла вас, извините за беспокойство, до свидания!",19,200 OK,"hello_main, dont_disturb_hangup"
3792617,больше не звонить,негатив клиента от звонка,,"bot: Добрый день! Компания t2, меня зовут Ольга. Звоню по корпоративному договору, меня хорошо слышно?; human: алло да что опять хотели; bot: Отлично!; bot: Дело в том, что мы заметили снижение трафика по вашему контракту.; human: не нравится там что мало трафик или что вы уже звоните каждую неделю мне надоело; bot: Поняла вас, извините за беспокойство, до свидания!",20,200 OK,"hello_main, hello_thanks, clarification_main, dont_disturb_hangup"
3843224,больше не звонить,негатив клиента от звонка,,"bot: Добрый день! Компания t2, меня зовут Ольга. Звоню по корпоративному договору, меня хорошо слышно?; human: алло; bot: У меня один короткий вопрос по вашему договору. Мм…; bot: Дело в том, что мы заметили снижение трафика по вашему контракту.; human: идите нахуй",18,200 OK,"hello_main, hello_default, clarification_main"
4027053,больше не звонить,негатив клиента от звонка,,"bot: Добрый день! Меня зовут Ольга, корпоративный отдел компании t2. Вам удобно сейчас минуту уделить?; human: нет; bot: У меня короткий вопрос по вашему договору, буквально минута.; bot: Дело в том, что мы заметили снижение трафика по вашему контракту.; human: если сейчас слышь; bot: Подскажите, пожалуйста, планируете ли вы пользоваться нашими услугами дальше?; human: как было робот; bot: Я только по корпоративной связи звоню уточнить.; human: нет идите нахуй; bot: Поняла вас, извините за беспокойство, до свидания!",39,200 OK,"hello_main, hello_wrong_time, clarification_main, clarification_main_tail, clarification_robot_1, dont_disturb_hangup"
4034826,больше не звонить,негатив клиента от звонка,,"bot: Добрый день! Это компания t2, корпоративный отдел, Ольга. Минуту уделите, пожалуйста?; human: алло да вы заебали звонить",6,200 OK,hello_main
4045346,больше не звонить,негатив клиента от звонка,,"bot: Добрый день! Компания t2, меня зовут Ольга. Звоню по корпоративному договору, меня хорошо слышно?; human: да что хотите; bot: У меня короткий вопрос по вашему договору, буквально минута.; bot: Дело в том, что мы заметили снижение трафика по вашему контракту.; bot: Подскажите, пожалуйста, планируете ли вы пользоваться нашими услугами дальше?; human: вы мне звоните вы мне каждую неделю звоните; bot: Поняла вас, извините за беспокойство, до свидания!",42,200 OK,"hello_main, hello_wrong_time, clarification_main, clarification_main_tail, dont_disturb_hangup"
4050206,больше не звонить,негатив клиента от звонка,,"bot: Добрый день! Корпоративный отдел компании t2, меня зову Ольга. Меня слышно, да?; human: да; bot: Отлично!; bot: Дело в том, что мы заметили снижение трафика по вашему контракту.; bot: Подскажите, пожалуйста, планируете ли вы пользоваться нашими услугами дальше?; human: как вы это заметили как вы это звоните; bot: Мы видим, что вы стали меньше пользоваться корпоративной связью. Уточните, пожалуйста, планируете ли продолжить пользоваться нашими услугами?; human: какой связью сотовый или интернетом; bot: Видим, что корпоративную связь оплачиваете, а пользуетесь сейчас редко. Мм, планируете вернуться к прежней активности?; human: это как поняли платежи изменились через стали меньше; bot: Мм, мои коллеги заметили, что по вашему договору корпоративной связи снизился трафик. Ну то есть меньше звонков стало совершаться, активность уменьшилась. Поэтому хотим уточнить, планируете ли вы пользоваться нашими услугами дальше?; human: а не каклик меньше стали оля ты гребаный бот иди нахуй кба бот иди нахуй; bot: Поняла вас, извините за беспокойство, до свидания!",73,200 OK,"hello_main, hello_thanks, clarification_main, clarification_main_tail, clarification_default_1, clarification_default_2, clarification_dont_understand_1, dont_disturb_hangup"
4136318,больше не звонить,негатив клиента от звонка,,"bot: Добрый день! Компания t2, меня зовут Ольга. Звоню по корпоративному договору, меня хорошо слышно?; human: слышно; bot: Отлично!; bot: Дело в том, что мы заметили снижение трафика по вашему контракту.; bot: Подскажите, пожалуйста, планируете ли вы пользоваться нашими услугами дальше?; human: вот знаете что я планирую я надоело каждые 2 недели вот на этот вопрос отвечать; bot: Поняла вас, извините за беспокойство, до свидания!",32,200 OK,"hello_main, hello_thanks, clarification_main, clarification_main_tail, dont_disturb_hangup"
4534501,больше не звонить,негатив клиента от звонка,,"bot: Добрый день! Это компания t2, корпоративный отдел, Ольга. Минуту уделите, пожалуйста?; human: хорошо; bot: Отлично!; bot: Дело в том, что мы заметили снижение трафика по вашему контракту.; bot: Подскажите, пожалуйста, планируете ли вы пользоваться нашими услугами дальше?; human: у меня ваше устройство стоят ваше устройство стоят в бельта бельта нигде просьба мне не звонить просто так; bot: Поняла вас, извините за беспокойство, до свидания!",31,200 OK,"hello_main, hello_thanks, clarification_main, clarification_main_tail, dont_disturb_hangup"
4782597,больше не звонить,негатив клиента от звонка,,"bot: Добрый день! Меня зовут Ольга, корпоративный отдел компании t2. Вам удобно сейчас минуту уделить?; human: все ой нет мне с вами вообще никогда мно разговаривать не нужно мне звонить все доброго; bot: Поняла вас, извините за беспокойство, до свидания!",14,200 OK,"hello_main, dont_disturb_hangup"
5062928,больше не звонить,негатив клиента от звонка,,"bot: Добрый день! Корпоративный отдел компании t2, меня зову Ольга. Меня слышно, да?; human: какая компания; bot: Компания ""t2"", ваш сотовый оператор. Ранее вы нас знали как ""Теле2"".; bot: Дело в том, что мы заметили снижение трафика по вашему контракту.; bot: Подскажите, пожалуйста, планируете ли вы пользоваться нашими услугами дальше?; human: ну имеется ввиду на этом номер телефона; bot: Мы видим, что вы стали меньше пользоваться корпоративной связью. Уточните, пожалуйста, планируете ли продолжить пользоваться нашими услугами?; human: 8 я сейчас вопрос не понимаю корпоративное что это означает; bot: Мм, мои коллеги заметили, что по вашему договору корпоративной связи снизился трафик. Ну то есть меньше звонков стало совершаться, активность уменьшилась. Поэтому хотим уточнить, планируете ли вы пользоваться нашими услугами дальше?; human: сейчас не пообщаюсь; bot: Видим, что корпоративную связь оплачиваете, а пользуетесь сейчас редко. Мм, планируете вернуться к прежней активности?; human: и что нахуй; bot: Поняла вас, извините за беспокойство, до свидания!",77,200 OK,"hello_main, hello_repeat, clarification_main, clarification_main_tail, clarification_default_1, clarification_dont_understand_1, clarification_default_2, dont_disturb_hangup"
5192527,больше не звонить,негатив клиента от звонка,,"bot: Добрый день! Компания t2, меня зовут Ольга. Звоню по корпоративному договору, меня хорошо слышно?; human: корпоративному договору; bot: У меня один короткий вопрос по вашему договору. Мм…; bot: Дело в том, что мы заметили снижение трафика по вашему контракту.; bot: Подскажите, пожалуйста, планируете ли вы пользоваться нашими услугами дальше?; bot: Алло?; human: каждый месяц алло каждый месяц повторяю 1 и тоже удалите мой номер из моих корпоративных я не работаю 5 лет 5 5 лет в эту компанию; bot: Поняла вас, извините за беспокойство, до свидания!",51,200 OK,"hello_main, hello_default, clarification_main, clarification_main_tail, clarification_null_1, dont_disturb_hangup"
5223181,больше не звонить,негатив клиента от звонка,,"bot: Добрый день! Корпоративный отдел компании t2, меня зову Ольга. Меня слышно, да?; human: слышно; bot: Отлично!; bot: Дело в том, что мы заметили снижение трафика по вашему контракту.; bot: Подскажите, пожалуйста, планируете ли вы пользоваться нашими услугами дальше?; human: по какому контракту по какому контракту; bot: Мм, мои коллеги заметили, что по вашему договору корпоративной связи снизился трафик. Ну то есть меньше звонков стало совершаться, активность уменьшилась. Поэтому хотим уточнить, планируете ли вы пользоваться нашими услугами дальше?; human: вообще какой то хуйней",43,200 OK,"hello_main, hello_thanks, clarification_main, clarification_main_tail, clarification_dont_understand_1"
5239488,больше не звонить,негатив клиента от звонка,,"bot: Добрый день! Меня зовут Ольга, корпоративный отдел компании t2. Вам удобно сейчас минуту уделить?; human: не звоните каждые 4 дня что случилось то; bot: Поняла вас, извините за беспокойство, до свидания!",17,200 OK,"hello_main, dont_disturb_hangup"
5246382,больше не звонить,негатив клиента от звонка,,"bot: Добрый день! Это компания t2, корпоративный отдел, Ольга. Минуту уделите, пожалуйста?; human: алло а не звоните пожалуйста; bot: Поняла вас, извините за беспокойство, до свидания!",16,200 OK,"hello_main, dont_disturb_hangup"
5251611,больше не звонить,негатив клиента от звонка,,"bot: Добрый день! Корпоративный отдел компании t2, меня зову Ольга. Меня слышно, да?; human: угу да; bot: Отлично!; bot: Дело в том, что мы заметили снижение трафика по вашему контракту.; human: это автомат что ли со мной разговаривает; bot: Угу, а тогда соедините, пожалуйста, с сотрудником, который занимается вопросами корпоративной связи? Ну или номер продиктуйте, я запишу.; human: это чего надо; bot: В таком случае было бы удобнее переговорить с человеком, который корпоративной связью занимается. Соедините с ним, пожалуйста, или номер продиктуйте.; human: алло а это я вот разговариваю с вами что вы от меня хотите; bot: Угу, отлично.; bot: Дело в том, что мы заметили снижение трафика по вашему контракту.; bot: Подскажите, пожалуйста, планируете ли вы пользоваться нашими услугами дальше?; human: да да да да у меня 3 2 на напара стоят; bot: Мы видим, что вы стали меньше пользоваться корпоративной связью. Уточните, пожалуйста, планируете ли продолжить пользоваться нашими услугами?; human: я ваш 3 симки да планирую дали мне звонить блядь каждый месяц; bot: Поняла вас, извините за беспокойство, до свидания!",82,200 OK,"hello_main, hello_thanks, clarification_main, search_mdp_main, search_mdp_default, search_mdp_thanks, clarification_main, clarification_main_tail, clarification_default_1, dont_disturb_hangup"
5260180,больше не звонить,негатив клиента от звонка,,"bot: Добрый день! Компания t2, меня зовут Ольга. Звоню по корпоративному договору, меня хорошо слышно?; human: алло вы пожалуйста мне больше не звонить потому что мы не пользу; bot: Поняла вас, извините за беспокойство, до свидания!",15,200 OK,"hello_main, dont_disturb_hangup"
5479946,больше не звонить,негатив клиента от звонка,,"bot: Добрый день! Меня зовут Ольга, корпоративный отдел компании t2. Вам удобно сейчас минуту уделить?; human: нет я вроде уже наверное раз 20 чтобы не звонили; bot: Поняла вас, извините за беспокойство, до свидания!",18,200 OK,"hello_main, dont_disturb_hangup"
5490871,больше не звонить,негатив клиента от звонка,,"bot: Добрый день! Меня зовут Ольга, корпоративный отдел компании t2. Вам удобно сейчас минуту уделить?; human: да говорите; bot: Отлично!; bot: Дело в том, что мы заметили снижение трафика по вашему контракту.; bot: Подскажите, пожалуйста, планируете ли вы пользоваться нашими услугами дальше?; bot: Алло?; human: абонентскую плату не получали; bot: Мы видим, что вы стали меньше пользоваться корпоративной связью. Уточните, пожалуйста, планируете ли продолжить пользоваться нашими услугами?; human: я вам ответил на ваш вопрос если бы не планировали вы бы не получали абонентскую плату в чем еще вопрос может быть; bot: Дело в том, что мы по корпоративной связи с вами сотрудничаем и...; bot: Видим, что корпоративную связь оплачиваете, а пользуетесь сейчас редко. Мм, планируете вернуться к прежней активности?; human: я знаю ну что ну и снизился трафик и что дальше девушка отстаньте с глупыми вопросами меня",57,200 OK,"hello_main, hello_thanks, clarification_main, clarification_main_tail, clarification_null_1, clarification_default_1, clarification_dont_want_answer, clarification_default_2"
5510032,больше не звонить,негатив клиента от звонка,,"bot: Добрый день! Корпоративный отдел компании t2, меня зову Ольга. Меня слышно, да?; human: алло иди нахер я; bot: Поняла вас, извините за беспокойство, до свидания!",15,200 OK,"hello_main, dont_disturb_hangup"
5532885,больше не звонить,негатив клиента от звонка,,"bot: Добрый день! Меня зовут Ольга, корпоративный отдел компании t2. Вам удобно сейчас минуту уделить?; human: алло ну если только минуту здравствуйте; bot: Отлично!; bot: Дело в том, что мы заметили снижение трафика по вашему контракту.; bot: Подскажите, пожалуйста, планируете ли вы пользоваться нашими услугами дальше?; human: по какому номеру вы увидели снижение трафика; bot: Снижение трафика замечено в целом по контракту.; bot: Вы планируете пользоваться услугами t2 дальше?; human: у меня у меня 6 номеров; bot: Конкретные номера на назову, говорю про снижение трафика в целом по контракту корпоративной связи.; human: все; bot: Планируете ли вы продолжить сотрудничество с нами?; human: вычеркните мой номер вычеркните мой номер телефона и даже нению больше",51,200 OK,"hello_main, hello_thanks, clarification_main, clarification_main_tail, question_which_number_1, clarification_tail_1, question_which_number_2, clarification_tail_2"
5643287,больше не звонить,негатив клиента от звонка,,"bot: Добрый день! Меня зовут Ольга, корпоративный отдел компании t2. Вам удобно сейчас минуту уделить?; human: что за от этого; bot: У меня один короткий вопрос по вашему договору. Мм…; bot: Дело в том, что мы заметили снижение трафика по вашему контракту.; human: а какой договор у меня нет договора; bot: Вы нашим абонентом являетесь. Это оператор мобильной связи t2.; bot: Вы планируете пользоваться услугами t2 дальше?; human: это теле 2 теле 2 да; bot: Это компания ""t2"", ранее вы нас знали как ""Теле2"".; bot: Планируете ли вы продолжить сотрудничество с нами?; human: вы ебанутая бля откуда у вас у меня никогда не было теле 2 блядь; bot: Поняла вас, извините за беспокойство, до свидания!",48,200 OK,"hello_main, hello_default, clarification_main, question_what_organization_1, clarification_tail_1, clarification_what_company, clarification_tail_2, dont_disturb_hangup"
5747227,больше не звонить,негатив клиента от звонка,,"bot: Добрый день! Компания t2, меня зовут Ольга. Звоню по корпоративному договору, меня хорошо слышно?; human: я не могу разговаривать вы мне звоните каждый день по несколько раз в день я сказала что я работаю не могу разговаривать если какие то предложения напишите пойс у вас телефон предложение там или еще что то вы очень неудобно звонить; bot: Поняла вас, извините за беспокойство, до свидания!",26,200 OK,"hello_main, dont_disturb_hangup"
5851009,больше не звонить,негатив клиента от звонка,,"bot: Добрый день! Это компания t2, корпоративный отдел, Ольга. Минуту уделите, пожалуйста?; human: блядь заколебали честно вот видите нет; bot: Поняла вас, извините за беспокойство, до свидания!",8,200 OK,"hello_main, dont_disturb_hangup"
5865677,больше не звонить,негатив клиента от звонка,,"bot: Добрый день! Меня зовут Ольга, корпоративный отдел компании t2. Вам удобно сейчас минуту уделить?; human: а кажется с мы уже разговаривали вы мне 1 раз звоните; bot: Поняла вас, извините за беспокойство, до свидания!",14,200 OK,"hello_main, dont_disturb_hangup"
5901470,больше не звонить,негатив клиента от звонка,,"bot: Добрый день! Компания t2, меня зовут Ольга. Звоню по корпоративному договору, меня хорошо слышно?; human: слушаю; bot: Отлично!; bot: Дело в том, что мы заметили снижение трафика по вашему контракту.; bot: Подскажите, пожалуйста, планируете ли вы пользоваться нашими услугами дальше?; human: слушайте вы как меня задолбали а; bot: Поняла вас, извините за беспокойство, до свидания!",25,200 OK,"hello_main, hello_thanks, clarification_main, clarification_main_tail, dont_disturb_hangup"
5936719,больше не звонить,негатив клиента от звонка,,"bot: Добрый день! Это компания t2, корпоративный отдел, Ольга. Минуту уделите, пожалуйста?; human: мы с вами уже разговаривали вы мне 1 раз звоните; bot: Поняла вас, извините за беспокойство, до свидания!",15,200 OK,"hello_main, dont_disturb_hangup"
5942816,больше не звонить,негатив клиента от звонка,,"bot: Добрый день! Меня зовут Ольга, корпоративный отдел компании t2. Вам удобно сейчас минуту уделить?; bot: Алло, слышно меня?; human: да какой у вас вопрос; bot: У меня короткий вопрос по вашему договору, буквально минута.; bot: Дело в том, что мы заметили снижение трафика по вашему контракту.; bot: Подскажите, пожалуйста, планируете ли вы пользоваться нашими услугами дальше?; human: а вы кто; bot: Это компания ""t2"", ранее вы нас знали как ""Теле2"".; bot: Вы планируете пользоваться услугами t2 дальше?; bot: Алло?; human: вы кому звоните; bot: Угу, а тогда соедините, пожалуйста, с сотрудником, который занимается вопросами корпоративной связи? Ну или номер продиктуйте, я запишу.; human: иди нахер; bot: Поняла вас, извините за беспокойство, до свидания!",81,200 OK,"hello_main, hello_null_1, hello_wrong_time, clarification_main, clarification_main_tail, clarification_what_company, clarification_tail_1, clarification_null_1, search_mdp_main, dont_disturb_hangup"
5942962,больше не звонить,негатив клиента от звонка,,"bot: Добрый день! Это компания t2, корпоративный отдел, Ольга. Минуту уделите, пожалуйста?; human: нет не звоните больше; bot: Поняла вас, извините за беспокойство, до свидания!",13,200 OK,"hello_main, dont_disturb_hangup"
6216436,больше не звонить,негатив клиента от звонка,,"bot: Добрый день! Компания t2, меня зовут Ольга. Звоню по корпоративному договору, меня хорошо слышно?; human: ну слышно; bot: У меня один короткий вопрос по вашему договору. Мм…; bot: Дело в том, что мы заметили снижение трафика по вашему контракту.; bot: Подскажите, пожалуйста, планируете ли вы пользоваться нашими услугами дальше?; human: ольга а ольга ольга ты меня меня слышно хорошо; bot: Слушаю.; human: меня слышно; bot: Да-да?; human: если за да то больше не звоните; bot: Поняла вас, извините за беспокойство, до свидания!",51,200 OK,"hello_main, hello_default, clarification_main, clarification_main_tail, clarification_interruption_1, clarification_interruption_2, dont_disturb_hangup"
6232276,больше не звонить,негатив клиента от звонка,,"bot: Добрый день! Компания t2, меня зовут Ольга. Звоню по корпоративному договору, меня хорошо слышно?; human: что такое корпоративный договор; bot: У меня один короткий вопрос по вашему договору. Мм…; bot: Дело в том, что мы заметили снижение трафика по вашему контракту.; bot: Подскажите, пожалуйста, планируете ли вы пользоваться нашими услугами дальше?; human: какими услугами; bot: Мы видим, что вы стали меньше пользоваться корпоративной связью. Уточните, пожалуйста, планируете ли продолжить пользоваться нашими услугами?; human: с какой связи; bot: Видим, что корпоративную связь оплачиваете, а пользуетесь сейчас редко. Мм, планируете вернуться к прежней активности?; human: какая связь; bot: Отметили, что сейчас вы реже пользуетесь нашими услугами. Скажите, пожалуйста, планируете по корпоративной связи и дальше сотрудничать с нами?; human: заебала; bot: Поняла вас, извините за беспокойство, до свидания!",64,200 OK,"hello_main, hello_default, clarification_main, clarification_main_tail, clarification_default_1, clarification_default_2, clarification_default_3, dont_disturb_hangup"
6235457,больше не звонить,негатив клиента от звонка,,"bot: Добрый день! Меня зовут Ольга, корпоративный отдел компании t2. Вам удобно сейчас минуту уделить?; human: кажется с вами уже разговаривали вы мне 1 раз звоните; bot: Поняла вас, извините за беспокойство, до свидания!",14,200 OK,"hello_main, dont_disturb_hangup"
6341997,больше не звонить,негатив клиента от звонка,,"bot: Добрый день! Это компания t2, корпоративный отдел, Ольга. Минуту уделите, пожалуйста?; bot: Алло, слышно меня?; human: ну; bot: Отлично!; bot: Дело в том, что мы заметили снижение трафика по вашему контракту.; bot: Подскажите, пожалуйста, планируете ли вы пользоваться нашими услугами дальше?; human: по какому контракту; bot: Мм, мои коллеги заметили, что по вашему договору корпоративной связи снизился трафик. Ну то есть меньше звонков стало совершаться, активность уменьшилась. Поэтому хотим уточнить, планируете ли вы пользоваться нашими услугами дальше?; human: по какому телефону номер телефона какой; bot: Снижение трафика замечено в целом по контракту.; bot: Вы планируете пользоваться услугами t2 дальше?; human: по какому контракту ты дура блядь возьми нормальную трубку поговори блядь у родина ебаная блядь ты дебил блядь или кто; bot: Поняла вас, извините за беспокойство, до свидания!",78,200 OK,"hello_main, hello_null_1, hello_thanks, clarification_main, clarification_main_tail, clarification_dont_understand_1, question_which_number_1, clarification_tail_1, dont_disturb_hangup"
6355601,больше не звонить,негатив клиента от звонка,,"bot: Добрый день! Это компания t2, корпоративный отдел, Ольга. Минуту уделите, пожалуйста?; human: а на хрена ольга кайен звоните; bot: У меня один короткий вопрос по вашему договору. Мм…; bot: Дело в том, что мы заметили снижение трафика по вашему контракту.; human: звонили я сбросил сегодня звоните вы что за; bot: Подскажите, пожалуйста, планируете ли вы пользоваться нашими услугами дальше?; human: и что вы меня слышите нет алло вы меня слышите; bot: Слушаю.; human: алло вы вчера звонили в это время сегодня звоните в это время; bot: Хм, у меня не стоит отметка, что вам уже звонили. Можете, пожалуйста, уточнить, вы планируете продолжать сотрудничество с нами по корпоративной связи?; human: насрать мне на ваш отметке что у вас стоит или не стоит мне это все мало волнующий фактор вы просто реально своими звонками заебываете меня возникает остемир понимаете; bot: Поняла вас, извините за беспокойство, до свидания!",57,200 OK,"hello_main, hello_default, clarification_main, clarification_main_tail, clarification_interruption_1, clarification_already_phoned, dont_disturb_hangup"
6382057,больше не звонить,негатив клиента от звонка,,"bot: Добрый день! Меня зовут Ольга, корпоративный отдел компании t2. Вам удобно сейчас минуту уделить?; human: кажется мы с вами разговаривали вы мне 1 раз звоните; bot: Поняла вас, извините за беспокойство, до свидания!",15,200 OK,"hello_main, dont_disturb_hangup"
6409166,больше не звонить,негатив клиента от звонка,,"bot: Добрый день! Корпоративный отдел компании t2, меня зову Ольга. Меня слышно, да?; human: так мне не интересно с вами ольга разговаривать звоните больше; bot: Поняла вас, извините за беспокойство, до свидания!",11,200 OK,"hello_main, dont_disturb_hangup"
6428754,больше не звонить,негатив клиента от звонка,,"bot: Добрый день! Меня зовут Ольга, корпоративный отдел компании t2. Вам удобно сейчас минуту уделить?; human: добрый день говорите; bot: Отлично!; bot: Дело в том, что мы заметили снижение трафика по вашему контракту.; bot: Подскажите, пожалуйста, планируете ли вы пользоваться нашими услугами дальше?; human: так снижение трафика в плане; bot: Мм, мои коллеги заметили, что по вашему договору корпоративной связи снизился трафик. Ну то есть меньше звонков стало совершаться, активность уменьшилась. Поэтому хотим уточнить, планируете ли вы пользоваться нашими услугами дальше?; bot: Алло?; human: позднее ваш звонок алло алло да да меня слышно; bot: Слушаю.; human: а да такой вопрос вопрос момент что у меня раньше было 2 номера телефона у вас вот 1 мне дали как бы сверху к тому что у меня был выводил на ип вот ну потом я разговаривал с вашими менеджерами и не предлагали предложили другая компания лучшие условия вот я спросил менеджеров могут ли они не такие условия отдать хотя бы такие вот мне не сказали что нет мы не можем такие условия да соответственно я ушел вот остался у вас 1 номер телефона я им пользуюсь не звоню то есть у меня туда приходит смс; bot: Поняла вас, извините за беспокойство, до свидания!",112,200 OK,"hello_main, hello_thanks, clarification_main, clarification_main_tail, clarification_dont_understand_1, clarification_null_1, clarification_interruption_1, dont_disturb_hangup"
6453659,больше не звонить,негатив клиента от звонка,,"bot: Добрый день! Это компания t2, корпоративный отдел, Ольга. Минуту уделите, пожалуйста?; human: добрый день; bot: Отлично!; bot: Дело в том, что мы заметили снижение трафика по вашему контракту.; bot: Подскажите, пожалуйста, планируете ли вы пользоваться нашими услугами дальше?; human: какого трафика вы о чем; bot: Мы видим, что вы стали меньше пользоваться корпоративной связью. Уточните, пожалуйста, планируете ли продолжить пользоваться нашими услугами?; human: я не понимаю какой корпоративной связи; bot: Мм, мои коллеги заметили, что по вашему договору корпоративной связи снизился трафик. Ну то есть меньше звонков стало совершаться, активность уменьшилась. Поэтому хотим уточнить, планируете ли вы пользоваться нашими услугами дальше?; human: иди ты в папку ольга",70,200 OK,"hello_main, hello_thanks, clarification_main, clarification_main_tail, clarification_default_1, clarification_dont_understand_1"
6529925,больше не звонить,негатив клиента от звонка,,"bot: Добрый день! Корпоративный отдел компании t2, меня зову Ольга. Меня слышно, да?; human: слушаю алло; bot: Отлично!; bot: Дело в том, что мы заметили снижение трафика по вашему контракту.; bot: Подскажите, пожалуйста, планируете ли вы пользоваться нашими услугами дальше?; human: а это какая компания а какая компания; bot: Это компания ""t2"", ранее вы нас знали как ""Теле2"".; human: до свидания т 2 товарища мошенники; bot: Я звоню с официального номера компании t2, который можно на сайте проверить. Раньше мы назывались ""Теле2"". У нас с вами корпоративный договор, и я звоню уточнить, мм...; human: вы задрали",32,200 OK,"hello_main, hello_thanks, clarification_main, clarification_main_tail, clarification_what_company, clarification_deception"
6554032,больше не звонить,негатив клиента от звонка,,"bot: Добрый день! Компания t2, меня зовут Ольга. Звоню по корпоративному договору, меня хорошо слышно?; human: да; bot: Отлично!; bot: Дело в том, что мы заметили снижение трафика по вашему контракту.; human: вас; bot: Подскажите, пожалуйста, планируете ли вы пользоваться нашими услугами дальше?; human: а что вы мне блядь вообще звоните на почту там мы вам ответим спасибо",30,200 OK,"hello_main, hello_thanks, clarification_main, clarification_main_tail"
6576647,больше не звонить,негатив клиента от звонка,,"bot: Добрый день! Корпоративный отдел компании t2, меня зову Ольга. Меня слышно, да?; human: слушаю вас слышно; bot: Отлично!; bot: Дело в том, что мы заметили снижение трафика по вашему контракту.; bot: Подскажите, пожалуйста, планируете ли вы пользоваться нашими услугами дальше?; human: да как вы задрали мне послушайте перестаньте дурью маниса ну снизили что дальше от васс что вы задрали своими звонками дебильным; bot: Поняла вас, извините за беспокойство, до свидания!",29,200 OK,"hello_main, hello_thanks, clarification_main, clarification_main_tail, dont_disturb_hangup"
6595434,больше не звонить,негатив клиента от звонка,,"bot: Добрый день! Это компания t2, корпоративный отдел, Ольга. Минуту уделите, пожалуйста?; human: нет не звоните на этот номер; bot: Поняла вас, извините за беспокойство, до свидания!",14,200 OK,"hello_main, dont_disturb_hangup"
6659428,больше не звонить,негатив клиента от звонка,,"bot: Добрый день! Компания t2, меня зовут Ольга. Звоню по корпоративному договору, меня хорошо слышно?; human: ольга мне кажется уже 1000000 раз мне звонили я 1000000 раз сказала; bot: Поняла вас, извините за беспокойство, до свидания!",20,200 OK,"hello_main, dont_disturb_hangup"
6821918,больше не звонить,негатив клиента от звонка,,"bot: Добрый день! Это компания t2, корпоративный отдел, Ольга. Минуту уделите, пожалуйста?; human: зачем; bot: Компания ""t2"", ваш сотовый оператор. Ранее вы нас знали как ""Теле2"".; bot: Дело в том, что мы заметили снижение трафика по вашему контракту.; bot: Подскажите, пожалуйста, планируете ли вы пользоваться нашими услугами дальше?; human: давайте вот эти не звоните по этом вопросам у нас все хорошо; bot: Поняла вас, извините за беспокойство, до свидания!",30,200 OK,"hello_main, hello_repeat, clarification_main, clarification_main_tail, dont_disturb_hangup"
6904970,больше не звонить,негатив клиента от звонка,,"bot: Добрый день! Меня зовут Ольга, корпоративный отдел компании t2. Вам удобно сейчас минуту уделить?; human: а почему вы нарушаете закон; bot: Поняла вас, извините за беспокойство, до свидания!",16,200 OK,"hello_main, dont_disturb_hangup"
7043076,больше не звонить,негатив клиента от звонка,,"bot: Добрый день! Корпоративный отдел компании t2, меня зову Ольга. Меня слышно, да?; human: да здравствуйте; bot: Отлично!; bot: Дело в том, что мы заметили снижение трафика по вашему контракту.; human: да да здравствуйте да да; bot: Подскажите, пожалуйста, планируете ли вы пользоваться нашими услугами дальше?; human: по какому трафику; bot: Мы видим, что вы стали меньше пользоваться корпоративной связью. Уточните, пожалуйста, планируете ли продолжить пользоваться нашими услугами?; human: вам то какая разница зачем; bot: Дело в том, что мы по корпоративной связи с вами сотрудничаем и...; bot: Видим, что корпоративную связь оплачиваете, а пользуетесь сейчас редко. Мм, планируете вернуться к прежней активности?; human: дальше; bot: Отметили, что сейчас вы реже пользуетесь нашими услугами. Скажите, пожалуйста, планируете по корпоративной связи и дальше сотрудничать с нами?; human: до свидания что за глупые вопросы ну отметили отметили да; bot: Мы видим, что вы стали меньше пользоваться корпоративной связью. Уточните, пожалуйста, планируете ли продолжить пользоваться нашими услугами?; human: звоните больше пожалуйста",66,200 OK,"hello_main, hello_thanks, clarification_main, clarification_main_tail, clarification_default_1, clarification_dont_want_answer, clarification_default_2, clarification_default_3, clarification_default_1"
7062103,больше не звонить,негатив клиента от звонка,,"bot: Добрый день! Меня зовут Ольга, корпоративный отдел компании t2. Вам удобно сейчас минуту уделить?; human: о чем вы хотите; bot: У меня один короткий вопрос по вашему договору. Мм…; bot: Дело в том, что мы заметили снижение трафика по вашему контракту.; bot: Подскажите, пожалуйста, планируете ли вы пользоваться нашими услугами дальше?; human: по какому контракту; bot: Мм, мои коллеги заметили, что по вашему договору корпоративной связи снизился трафик. Ну то есть меньше звонков стало совершаться, активность уменьшилась. Поэтому хотим уточнить, планируете ли вы пользоваться нашими услугами дальше?; human: какого номера с какого номера; bot: Мы видим, что вы стали меньше пользоваться корпоративной связью. Уточните, пожалуйста, планируете ли продолжить пользоваться нашими услугами?; human: какой номер то еб твою мать блядь; bot: Поняла вас, извините за беспокойство, до свидания!",57,200 OK,"hello_main, hello_default, clarification_main, clarification_main_tail, clarification_dont_understand_1, clarification_default_1, dont_disturb_hangup"
7171193,больше не звонить,негатив клиента от звонка,,"bot: Добрый день! Меня зовут Ольга, корпоративный отдел компании t2. Вам удобно сейчас минуту уделить?; human: ольга неудобно может вы не будете не звонить больше пожалуйста каждый день; bot: Поняла вас, извините за беспокойство, до свидания!",20,200 OK,"hello_main, dont_disturb_hangup"
7204083,больше не звонить,негатив клиента от звонка,,"bot: Добрый день! Меня зовут Ольга, корпоративный отдел компании t2. Вам удобно сейчас минуту уделить?; human: иди на хуй; bot: Поняла вас, извините за беспокойство, до свидания!",8,200 OK,"hello_main, dont_disturb_hangup"
7278556,больше не звонить,негатив клиента от звонка,,"bot: Добрый день! Корпоративный отдел компании t2, меня зову Ольга. Меня слышно, да?; human: алло что еще раз; bot: Компания ""t2"", ваш сотовый оператор. Ранее вы нас знали как ""Теле2"".; bot: Дело в том, что мы заметили снижение трафика по вашему контракту.; bot: Подскажите, пожалуйста, планируете ли вы пользоваться нашими услугами дальше?; human: девушка дураков ищите в зеркале я уже 1000000 раз говорила не мне больше звонить никогда понятно; bot: Поняла вас, извините за беспокойство, до свидания!",26,200 OK,"hello_main, hello_repeat, clarification_main, clarification_main_tail"
7320367,больше не звонить,негатив клиента от звонка,,"bot: Добрый день! Компания t2, меня зовут Ольга. Звоню по корпоративному договору, меня хорошо слышно?; human: я понять могу вы что мне звоните вам вообще что от меня надо; bot: У меня короткий вопрос по вашему договору, буквально минута.; bot: Дело в том, что мы заметили снижение трафика по вашему контракту.; human: вообще ну вы уже честно говоря вот знаете замучили и что; bot: Поняла вас, извините за беспокойство, до свидания!",33,200 OK,"hello_main, hello_wrong_time, clarification_main, dont_disturb_hangup"
7438920,больше не звонить,негатив клиента от звонка,,"bot: Добрый день! Меня зовут Ольга, корпоративный отдел компании t2. Вам удобно сейчас минуту уделить?; human: ой неудобно спасибо нет; bot: У меня короткий вопрос по вашему договору, буквально минута.; bot: Дело в том, что мы заметили снижение трафика по вашему контракту.; human: они не заплатят эти деньги; bot: Подскажите, пожалуйста, планируете ли вы пользоваться нашими услугами дальше?; human: блядь",18,200 OK,"hello_main, hello_wrong_time, clarification_main, clarification_main_tail"
7441910,больше не звонить,негатив клиента от звонка,,"bot: Добрый день! Корпоративный отдел компании t2, меня зову Ольга. Меня слышно, да?; human: ага да да слушаю; bot: Отлично!; bot: Дело в том, что мы заметили снижение трафика по вашему контракту.; bot: Подскажите, пожалуйста, планируете ли вы пользоваться нашими услугами дальше?; human: по какому контракту по какому по какому контракту; bot: Мм, мои коллеги заметили, что по вашему договору корпоративной связи снизился трафик. Ну то есть меньше звонков стало совершаться, активность уменьшилась. Поэтому хотим уточнить, планируете ли вы пользоваться нашими услугами дальше?; human: о чем речь идет да почему вы с мтс с мтс волгоград звоните а снт волгоград нет; bot: Мы видим, что в рамках корпоративного договора стали меньше пользоваться связью. Подскажите, пожалуйста, всё хорошо работает, вы планируете дальше с нами сотрудничать?; human: нахуй пошла",46,200 OK,"hello_main, hello_thanks, clarification_main, clarification_main_tail, clarification_dont_understand_1, clarification_dont_understand_2"
7479152,больше не звонить,негатив клиента от звонка,,"bot: Добрый день! Корпоративный отдел компании t2, меня зову Ольга. Меня слышно, да?; human: да да да; bot: Отлично!; bot: Дело в том, что мы заметили снижение трафика по вашему контракту.; bot: Подскажите, пожалуйста, планируете ли вы пользоваться нашими услугами дальше?; human: вот это уже не девушка вы меня слышите вы меня послушайте девушка; bot: Слушаю.; human: звоните каждый месяц каждые 2 недели я уже 100 раз сказала мы расторгли с вами отношения оставьте график что нам не надо звонить понимаете вот это навязчивый сервис понятно хватит блядь мне звонить",41,200 OK,"hello_main, hello_thanks, clarification_main, clarification_main_tail, clarification_interruption_1"
7513510,больше не звонить,негатив клиента от звонка,,"bot: Добрый день! Меня зовут Ольга, корпоративный отдел компании t2. Вам удобно сейчас минуту уделить?; human: ольга вы что мне постоянно я не пойму для чего это сделать вы специально меня это; bot: Компания ""t2"", ваш сотовый оператор. Ранее вы нас знали как ""Теле2"".; bot: Дело в том, что мы заметили снижение трафика по вашему контракту.; bot: Подскажите, пожалуйста, планируете ли вы пользоваться нашими услугами дальше?; human: вот я смотрите ольга вы уже мне надоели мне каждую неделю вы мне звоните понимаете вы мне каждую неделю звоните зачем; bot: Поняла вас, извините за беспокойство, до свидания!",39,200 OK,"hello_main, hello_repeat, clarification_main, clarification_main_tail, dont_disturb_hangup"
7593047,больше не звонить,негатив клиента от звонка,,"bot: Добрый день! Корпоративный отдел компании t2, меня зову Ольга. Меня слышно, да?; bot: Алло, слышно меня?; human: слышно; bot: Отлично!; bot: Дело в том, что мы заметили снижение трафика по вашему контракту.; human: вас говорите; bot: Подскажите, пожалуйста, планируете ли вы пользоваться нашими услугами дальше?; human: какой трафик по какому контракту; bot: Мм, мои коллеги заметили, что по вашему договору корпоративной связи снизился трафик. Ну то есть меньше звонков стало совершаться, активность уменьшилась. Поэтому хотим уточнить, планируете ли вы пользоваться нашими услугами дальше?; human: по какому номеру телефона; bot: Снижение трафика замечено в целом по контракту.; bot: Вы планируете пользоваться услугами t2 дальше?; bot: Алло?; human: послушайте больше сюда не звонить; bot: Поняла вас, извините за беспокойство, до свидания!",60,200 OK,"hello_main, hello_null_1, hello_thanks, clarification_main, clarification_main_tail, clarification_dont_understand_1, question_which_number_1, clarification_tail_1, clarification_null_1, dont_disturb_hangup"
7744218,больше не звонить,негатив клиента от звонка,,"bot: Добрый день! Корпоративный отдел компании t2, меня зову Ольга. Меня слышно, да?; human: да; bot: Отлично!; bot: Дело в том, что мы заметили снижение трафика по вашему контракту.; bot: Подскажите, пожалуйста, планируете ли вы пользоваться нашими услугами дальше?; human: девушка я сказал уже в прошлый раз планирую да планирую девушка уже задолбали",24,200 OK,"hello_main, hello_thanks, clarification_main, clarification_main_tail"
7780842,больше не звонить,негатив клиента от звонка,,"bot: Добрый день! Компания t2, меня зовут Ольга. Звоню по корпоративному договору, меня хорошо слышно?; human: да звоните по этим номера я не работаю в компании уже больше; bot: Поняла вас, извините за беспокойство, до свидания!",17,200 OK,"hello_main, dont_disturb_hangup"
7807397,больше не звонить,негатив клиента от звонка,,"bot: Добрый день! Меня зовут Ольга, корпоративный отдел компании t2. Вам удобно сейчас минуту уделить?; human: нет а по какому поводу; bot: У меня короткий вопрос по вашему договору, буквально минута.; bot: Дело в том, что мы заметили снижение трафика по вашему контракту.; human: у меня нет разговора если нет договор с вашей компании если вы звоните в компанию рбк этот телефон к не никакого не имеет удалите пожалуйста из базы; bot: Поняла вас, извините за беспокойство, до свидания!",40,200 OK,"hello_main, hello_wrong_time, clarification_main, dont_disturb_hangup"
7818911,больше не звонить,негатив клиента от звонка,,"bot: Добрый день! Компания t2, меня зовут Ольга. Звоню по корпоративному договору, меня хорошо слышно?; human: хорошо слышно да; bot: Отлично!; bot: Дело в том, что мы заметили снижение трафика по вашему контракту.; human: да; bot: Подскажите, пожалуйста, планируете ли вы пользоваться нашими услугами дальше?; human: нет вы мне уже звонили звоните мне кажется уже 2 раз 3 раз по этому вопросу сим карта же действующая поэтому да планирую; bot: Поняла вас, извините за беспокойство, до свидания!",42,200 OK,"hello_main, hello_thanks, clarification_main, clarification_main_tail, dont_disturb_hangup"
7936162,больше не звонить,негатив клиента от звонка,,"bot: Добрый день! Меня зовут Ольга, корпоративный отдел компании t2. Вам удобно сейчас минуту уделить?; human: блядь нет нет нет попытайтесь почувствовать в самый доб момент; bot: Поняла вас, извините за беспокойство, до свидания!",15,200 OK,"hello_main, dont_disturb_hangup"
8059879,больше не звонить,негатив клиента от звонка,,"bot: Добрый день! Это компания t2, корпоративный отдел, Ольга. Минуту уделите, пожалуйста?; human: слушаю угу слушаю; bot: Отлично!; bot: Дело в том, что мы заметили снижение трафика по вашему контракту.; bot: Подскажите, пожалуйста, планируете ли вы пользоваться нашими услугами дальше?; human: я же вам сказал ушел ушли отсюда да нет никто не планирует ничего нет нет вы что не слышите меня я же вам говорю; bot: Поняла вас, извините за беспокойство, до свидания!",27,200 OK,"hello_main, hello_thanks, clarification_main, clarification_main_tail, dont_disturb_hangup"
8070611,больше не звонить,негатив клиента от звонка,,"bot: Добрый день! Корпоративный отдел компании t2, меня зову Ольга. Меня слышно, да?; human: алло здравствуйте я в роуминге мне очень не удобно что вы мне названиваете вы могли бы; bot: Поняла вас, извините за беспокойство, до свидания!",18,200 OK,"hello_main, dont_disturb_hangup"
8091551,больше не звонить,негатив клиента от звонка,,"bot: Добрый день! Корпоративный отдел компании t2, меня зову Ольга. Меня слышно, да?; human: дело мы с вами уже разговаривали вы мне 1 раз звоните; bot: Поняла вас, извините за беспокойство, до свидания!",14,200 OK,"hello_main, dont_disturb_hangup"
8147568,больше не звонить,негатив клиента от звонка,,"bot: Добрый день! Компания t2, меня зовут Ольга. Звоню по корпоративному договору, меня хорошо слышно?; human: здравствуйте мы просто мы с вами уже разговаривали вы мне 1 раз звоните; bot: Поняла вас, извините за беспокойство, до свидания!",17,200 OK,"hello_main, dont_disturb_hangup"
8187457,больше не звонить,негатив клиента от звонка,,"bot: Добрый день! Корпоративный отдел компании t2, меня зову Ольга. Меня слышно, да?; human: говорите быстрее пожалуйста; bot: Отлично!; bot: Дело в том, что мы заметили снижение трафика по вашему контракту.; bot: Подскажите, пожалуйста, планируете ли вы пользоваться нашими услугами дальше?; human: вас не слышно алло; bot: Мм, мои коллеги заметили, что по вашему договору корпоративной связи снизился трафик. Ну то есть меньше звонков стало совершаться, активность уменьшилась. Поэтому хотим уточнить, планируете ли вы пользоваться нашими услугами дальше?; human: по какой карте скажите пожалуйста о чем речь; bot: Мы видим, что в рамках корпоративного договора стали меньше пользоваться связью. Подскажите, пожалуйста, всё хорошо работает, вы планируете дальше с нами сотрудничать?; human: с кем контрагент корпоративном договоре алло алло контрагент то корпоративном договоре; bot: Мы видим, что вы стали меньше пользоваться корпоративной связью. Уточните, пожалуйста, планируете ли продолжить пользоваться нашими услугами?; human: нахуй подожди; bot: Поняла вас, извините за беспокойство, до свидания!",72,200 OK,"hello_main, hello_thanks, clarification_main, clarification_main_tail, clarification_dont_understand_1, clarification_dont_understand_2, clarification_default_1, dont_disturb_hangup"
8281556,больше не звонить,негатив клиента от звонка,,"bot: Добрый день! Компания t2, меня зовут Ольга. Звоню по корпоративному договору, меня хорошо слышно?; human: говорите; bot: Отлично!; bot: Дело в том, что мы заметили снижение трафика по вашему контракту.; bot: Подскажите, пожалуйста, планируете ли вы пользоваться нашими услугами дальше?; human: надоели уже; bot: Поняла вас, извините за беспокойство, до свидания!",20,200 OK,"hello_main, hello_thanks, clarification_main, clarification_main_tail, dont_disturb_hangup"
8444956,больше не звонить,негатив клиента от звонка,,"bot: Добрый день! Это компания t2, корпоративный отдел, Ольга. Минуту уделите, пожалуйста?; human: нет; bot: У меня короткий вопрос по вашему договору, буквально минута.; bot: Дело в том, что мы заметили снижение трафика по вашему контракту.; bot: Подскажите, пожалуйста, планируете ли вы пользоваться нашими услугами дальше?; human: заметины вы можете не звонить и не отнимать мое рабочее время своей рекламой до свидания; bot: Поняла вас, извините за беспокойство, до свидания!",31,200 OK,"hello_main, hello_wrong_time, clarification_main, clarification_main_tail, dont_disturb_hangup"
8619027,больше не звонить,негатив клиента от звонка,,"bot: Добрый день! Меня зовут Ольга, корпоративный отдел компании t2. Вам удобно сейчас минуту уделить?; human: да 3 часа ночи; bot: Отлично!; bot: Дело в том, что мы заметили снижение трафика по вашему контракту.; bot: Подскажите, пожалуйста, планируете ли вы пользоваться нашими услугами дальше?; human: соедините с оператором; bot: Я только по корпоративной связи звоню уточнить.; bot: Вы планируете пользоваться услугами t2 дальше?; human: со специалистом соедини меня; bot: Угу, а тогда соедините, пожалуйста, с сотрудником, который занимается вопросами корпоративной связи? Ну или номер продиктуйте, я запишу.; human: специалиста меня соедини соедини меня; bot: Угу, понятно, продиктуйте тогда, пожалуйста, номер, я запишу.; human: пошла нахуй; bot: Поняла вас, извините за беспокойство, до свидания!",64,200 OK,"hello_main, hello_thanks, clarification_main, clarification_main_tail, clarification_robot_1, clarification_tail_1, search_mdp_main, search_mdp_transfer, dont_disturb_hangup"
8622275,больше не звонить,негатив клиента от звонка,,"bot: Добрый день! Компания t2, меня зовут Ольга. Звоню по корпоративному договору, меня хорошо слышно?; human: я просила удалить мой номер из базы у вас; bot: Поняла вас, извините за беспокойство, до свидания!",22,200 OK,"hello_main, dont_disturb_hangup"
8662056,больше не звонить,негатив клиента от звонка,,"bot: Добрый день! Это Ольга из компании t2. Мы с вами созванивались уже, но разговор прервался. Удобно сейчас?; human: слушаю вас; bot: Отлично!; bot: Дело в том, что мы заметили снижение трафика по вашему контракту.; bot: Подскажите, пожалуйста, планируете ли вы пользоваться нашими услугами дальше?; human: скажите по какому контракту номер договора и номер телефона; bot: Снижение трафика замечено в целом по контракту.; bot: Вы планируете пользоваться услугами t2 дальше?; human: по какому контракту вы меня слышите мой вопрос вообще по какому контракту номер договора и номер телефона по которому вы звоните; bot: Конкретные номера на назову, говорю про снижение трафика в целом по контракту корпоративной связи.; human: значит вынести теле 2 звоните идите нахрен мошенница да страны; bot: Поняла вас, извините за беспокойство, до свидания!",61,200 OK,"hello_main_recall, hello_thanks, clarification_main, clarification_main_tail, question_which_number_1, clarification_tail_1, question_which_number_2, dont_disturb_hangup"
8767149,больше не звонить,негатив клиента от звонка,,"bot: Добрый день! Это компания t2, корпоративный отдел, Ольга. Минуту уделите, пожалуйста?; human: алло так кто еще раз; bot: Компания ""t2"", ваш сотовый оператор. Ранее вы нас знали как ""Теле2"".; bot: Дело в том, что мы заметили снижение трафика по вашему контракту.; bot: Подскажите, пожалуйста, планируете ли вы пользоваться нашими услугами дальше?; human: так вы робот; bot: Я только по корпоративной связи звоню уточнить.; human: робот или человек отвечайте не теряетесь; bot: Хм… Я лишь хочу уточнить у вас, планируете ли вы дальше пользоваться нашими услугами?; human: девушка ну что; bot: Мы видим, что вы стали меньше пользоваться корпоративной связью. Уточните, пожалуйста, планируете ли продолжить пользоваться нашими услугами?; human: не звоните мне",35,200 OK,"hello_main, hello_repeat, clarification_main, clarification_main_tail, clarification_robot_1, clarification_robot_2, clarification_default_1"
8789157,больше не звонить,негатив клиента от звонка,,"bot: Добрый день! Это компания t2, корпоративный отдел, Ольга. Минуту уделите, пожалуйста?; bot: Алло, слышно меня?; human: слышно; bot: Отлично!; bot: Дело в том, что мы заметили снижение трафика по вашему контракту.; bot: Подскажите, пожалуйста, планируете ли вы пользоваться нашими услугами дальше?; bot: Алло?; bot: Вас не слышно; human: да вы задолбали мне звонить; bot: Поняла вас, извините за беспокойство, до свидания!",46,200 OK,"hello_main, hello_null_1, hello_thanks, clarification_main, clarification_main_tail, clarification_null_1, clarification_null_2, dont_disturb_hangup"
8802332,больше не звонить,негатив клиента от звонка,,"bot: Добрый день! Это компания t2, корпоративный отдел, Ольга. Минуту уделите, пожалуйста?; human: говорите; bot: Отлично!; bot: Дело в том, что мы заметили снижение трафика по вашему контракту.; bot: Подскажите, пожалуйста, планируете ли вы пользоваться нашими услугами дальше?; human: вы достали блин",22,200 OK,"hello_main, hello_thanks, clarification_main, clarification_main_tail"
8865267,больше не звонить,негатив клиента от звонка,,"bot: Добрый день! Компания t2, меня зовут Ольга. Звоню по корпоративному договору, меня хорошо слышно?; human: меня я да вас хорошо слышно; bot: Отлично!; bot: Дело в том, что мы заметили снижение трафика по вашему контракту.; human: не звоните больше; bot: Поняла вас, извините за беспокойство, до свидания!",21,200 OK,"hello_main, hello_thanks, clarification_main, dont_disturb_hangup"
8865563,больше не звонить,негатив клиента от звонка,,"bot: Добрый день! Компания t2, меня зовут Ольга. Звоню по корпоративному договору, меня хорошо слышно?; human: слушаю; bot: Отлично!; bot: Дело в том, что мы заметили снижение трафика по вашему контракту.; bot: Подскажите, пожалуйста, планируете ли вы пользоваться нашими услугами дальше?; human: корпоративная трафик это где; bot: Мы видим, что вы стали меньше пользоваться корпоративной связью. Уточните, пожалуйста, планируете ли продолжить пользоваться нашими услугами?; human: я еще раз повторяю какой то пользуемся; bot: Видим, что корпоративную связь оплачиваете, а пользуетесь сейчас редко. Мм, планируете вернуться к прежней активности?; human: только вы; bot: Отметили, что сейчас вы реже пользуетесь нашими услугами. Скажите, пожалуйста, планируете по корпоративной связи и дальше сотрудничать с нами?; human: м заебал",58,200 OK,"hello_main, hello_thanks, clarification_main, clarification_main_tail, clarification_default_1, clarification_default_2, clarification_default_3"
8877449,больше не звонить,негатив клиента от звонка,,"bot: Добрый день! Компания t2, меня зовут Ольга. Звоню по корпоративному договору, меня хорошо слышно?; human: вы мне уже звонили 10 раз; bot: Поняла вас, извините за беспокойство, до свидания!",16,200 OK,"hello_main, dont_disturb_hangup"
8904792,больше не звонить,негатив клиента от звонка,,"bot: Добрый день! Компания t2, меня зовут Ольга. Звоню по корпоративному договору, меня хорошо слышно?; human: ольга не звоните мне мне каждый месяц я еще раз вам повторяю вашей компании у нас есть менеджер который решаем все вопросы; bot: Поняла вас, извините за беспокойство, до свидания!",24,200 OK,"hello_main, dont_disturb_hangup"
9009195,больше не звонить,негатив клиента от звонка,,"bot: Добрый день! Корпоративный отдел компании t2, меня зову Ольга. Меня слышно, да?; human: оставайтесь на линии; human: алло; bot: Здравствуйте! Меня зовут Ольга, звоню из корпоративного отдела компании t2.; bot: Дело в том, что мы заметили снижение трафика по вашему контракту.; human: ага; bot: Подскажите, пожалуйста, планируете ли вы пользоваться нашими услугами дальше?; human: какому еще; bot: Мы видим, что вы стали меньше пользоваться корпоративной связью. Уточните, пожалуйста, планируете ли продолжить пользоваться нашими услугами?; human: я не вашими услугами вы что то путаете; bot: Видим, что корпоративную связь оплачиваете, а пользуетесь сейчас редко. Мм, планируете вернуться к прежней активности?; human: блядь вы меня не вообще я не пользуюсь вашими услугами все",79,200 OK,"hello_main, hello_greetings, clarification_main, clarification_main_tail, clarification_default_1, clarification_default_2"
9070293,больше не звонить,негатив клиента от звонка,,"bot: Добрый день! Компания t2, меня зовут Ольга. Звоню по корпоративному договору, меня хорошо слышно?; bot: Алло, слышно меня?; human: могу поговорить сейчас; bot: Отлично!; bot: Дело в том, что мы заметили снижение трафика по вашему контракту.; bot: Подскажите, пожалуйста, планируете ли вы пользоваться нашими услугами дальше?; human: продолжай; bot: Мы видим, что вы стали меньше пользоваться корпоративной связью. Уточните, пожалуйста, планируете ли продолжить пользоваться нашими услугами?; human: еще раз откуда вы звоните; bot: Это компания ""t2"", ранее вы нас знали как ""Теле2"".; bot: Вы планируете пользоваться услугами t2 дальше?; human: платить за это дополнительно надо; bot: Видим, что корпоративную связь оплачиваете, а пользуетесь сейчас редко. Мм, планируете вернуться к прежней активности?; human: а вот если я новый меня какие то акции будут предложение стартовое; bot: Отметили, что сейчас вы реже пользуетесь нашими услугами. Скажите, пожалуйста, планируете по корпоративной связи и дальше сотрудничать с нами?; human: и как это нужно использовать; bot: Мм, мои коллеги заметили, что по вашему договору корпоративной связи снизился трафик. Ну то есть меньше звонков стало совершаться, активность уменьшилась. Поэтому хотим уточнить, планируете ли вы пользоваться нашими услугами дальше?; human: дайк или робот; bot: Я только по корпоративной связи звоню уточнить.; bot: Планируете ли вы продолжить сотрудничество с нами?; human: ой на топочет этих ваших услуг; bot: Мы видим, что вы стали меньше пользоваться корпоративной связью. Уточните, пожалуйста, планируете ли продолжить пользоваться нашими услугами?; human: и как это нужно использовать; bot: Мы видим, что в рамках корпоративного договора стали меньше пользоваться связью. Подскажите, пожалуйста, всё хорошо работает, вы планируете дальше с нами сотрудничать?; human: а дополнительные; bot: Видим, что корпоративную связь оплачиваете, а пользуетесь сейчас редко. Мм, планируете вернуться к прежней активности?; human: будет как то кредит будет больше сделать; bot: Отметили, что сейчас вы реже пользуетесь нашими услугами. Скажите, пожалуйста, планируете по корпоративной связи и дальше сотрудничать с нами?; human: извините я не очень внимательно слушаю честно но бонусы заключаются еще раз; bot: Сейчас вы стали реже пользоваться услугами t2. Уточните, пожалуйста, вы продолжите пользоваться нашей корпоративной связью?; human: меня как то спокойно уже; bot: Мы видим, что вы стали меньше пользоваться корпоративной связью. Уточните, пожалуйста, планируете ли продолжить пользоваться нашими услугами?; bot: Алло?; bot: Вас не слышно; bot: Извините, что-то со связью, повторите, пожалуйста.; human: у меня ребенок мне некогда в этом разбираться; bot: Поняла вас, извините за беспокойство, до свидания!",222,200 OK,"hello_main, hello_null_1, hello_thanks, clarification_main, clarification_main_tail, clarification_default_1, clarification_what_company, clarification_tail_1, clarification_default_2, clarification_default_3, clarification_dont_understand_1, clarification_robot_1, clarification_tail_2, clarification_default_1, clarification_dont_understand_2, clarification_default_2, clarification_default_3, clarification_dont_understand_3, clarification_default_1, clarification_null_1, clarification_null_2, clarification_null_3, dont_disturb_hangup"
9084036,больше не звонить,негатив клиента от звонка,,"bot: Добрый день! Компания t2, меня зовут Ольга. Звоню по корпоративному договору, меня хорошо слышно?; human: алло угу; bot: Отлично!; bot: Дело в том, что мы заметили снижение трафика по вашему контракту.; bot: Подскажите, пожалуйста, планируете ли вы пользоваться нашими услугами дальше?; human: я пользуюсь меня все оплачено пометьте что мне не надо звонить вы что то раз в месяц это звоните не беспокойте пожалуйста; bot: Поняла вас, извините за беспокойство, до свидания!",34,200 OK,"hello_main, hello_thanks, clarification_main, clarification_main_tail, dont_disturb_hangup"
9158957,больше не звонить,негатив клиента от звонка,,"bot: Добрый день! Меня зовут Ольга, корпоративный отдел компании t2. Вам удобно сейчас минуту уделить?; human: хватит звонить у меня есть менеджер который звонит; bot: Поняла вас, извините за беспокойство, до свидания!",11,200 OK,"hello_main, dont_disturb_hangup"
9184696,больше не звонить,негатив клиента от звонка,,"bot: Добрый день! Компания t2, меня зовут Ольга. Звоню по корпоративному договору, меня хорошо слышно?; human: ну что надо; bot: У меня короткий вопрос по вашему договору, буквально минута.; bot: Дело в том, что мы заметили снижение трафика по вашему контракту.; human: какой договор; bot: Подскажите, пожалуйста, планируете ли вы пользоваться нашими услугами дальше?; human: по какому подождите вы вообще кто; bot: Это компания ""t2"", ранее вы нас знали как ""Теле2"".; human: а так и говорите по русски ну и что вы хотите; bot: Мм, мои коллеги заметили, что по вашему договору корпоративной связи снизился трафик. Ну то есть меньше звонков стало совершаться, активность уменьшилась. Поэтому хотим уточнить, планируете ли вы пользоваться нашими услугами дальше?; human: какая вам разница и что дальше я сам разберусь без вас буду я пользоваться не буду пользоваться зачем вы сюда звоните; bot: Дело в том, что мы по корпоративной связи с вами сотрудничаем и...; human: да дело ни в чем я сам разберусь как я пользуюсь этими симками у вас это не должно касаться поняла и не звони сюда что ты мне каждый месяц звонишь то хуйню спрашиваешь; bot: Мы видим, что вы стали меньше пользоваться корпоративной связью. Уточните, пожалуйста, планируете ли продолжить пользоваться нашими услугами?; human: забудьте этот телефон; bot: Поняла вас, извините за беспокойство, до свидания!",81,200 OK,"hello_main, hello_wrong_time, clarification_main, clarification_main_tail, clarification_what_company, clarification_dont_understand_1, clarification_dont_want_answer, clarification_default_1, dont_disturb_hangup"
9207230,больше не звонить,негатив клиента от звонка,,"bot: Добрый день! Корпоративный отдел компании t2, меня зову Ольга. Меня слышно, да?; human: слушаю да слушаю; bot: Отлично!; bot: Дело в том, что мы заметили снижение трафика по вашему контракту.; bot: Подскажите, пожалуйста, планируете ли вы пользоваться нашими услугами дальше?; human: по какому тракту по какому контракту; bot: Мм, мои коллеги заметили, что по вашему договору корпоративной связи снизился трафик. Ну то есть меньше звонков стало совершаться, активность уменьшилась. Поэтому хотим уточнить, планируете ли вы пользоваться нашими услугами дальше?; human: вы звоните фамилию имя отчество вы мне не звоните на личный номер какой корпоративный трафик; bot: Поняла вас, извините за беспокойство, до свидания!",44,200 OK,"hello_main, hello_thanks, clarification_main, clarification_main_tail, clarification_dont_understand_1, dont_disturb_hangup"
9209465,больше не звонить,негатив клиента от звонка,,"bot: Добрый день! Корпоративный отдел компании t2, меня зову Ольга. Меня слышно, да?; human: алло здравствуйте да хорошо; bot: Отлично!; bot: Дело в том, что мы заметили снижение трафика по вашему контракту.; bot: Подскажите, пожалуйста, планируете ли вы пользоваться нашими услугами дальше?; human: вы мне звоните каждый каждый месяц моно вопрос вы звоните мне месяц ничего не меняется а как вы замечаете я же не трафика; bot: Поняла вас, извините за беспокойство, до свидания!",27,200 OK,"hello_main, hello_thanks, clarification_main, clarification_main_tail, dont_disturb_hangup"
9227783,больше не звонить,негатив клиента от звонка,,"bot: Добрый день! Компания t2, меня зовут Ольга. Звоню по корпоративному договору, меня хорошо слышно?; human: хорошо; bot: Отлично!; bot: Дело в том, что мы заметили снижение трафика по вашему контракту.; bot: Подскажите, пожалуйста, планируете ли вы пользоваться нашими услугами дальше?; human: да да вы постоянно звоните; bot: Поняла вас, извините за беспокойство, до свидания!",24,200 OK,"hello_main, hello_thanks, clarification_main, clarification_main_tail, dont_disturb_hangup"
9250715,больше не звонить,негатив клиента от звонка,,"bot: Добрый день! Меня зовут Ольга, корпоративный отдел компании t2. Вам удобно сейчас минуту уделить?; human: ал алло; bot: У меня один короткий вопрос по вашему договору. Мм…; bot: Дело в том, что мы заметили снижение трафика по вашему контракту.; bot: Подскажите, пожалуйста, планируете ли вы пользоваться нашими услугами дальше?; human: услугами дальше; bot: Мы видим, что вы стали меньше пользоваться корпоративной связью. Уточните, пожалуйста, планируете ли продолжить пользоваться нашими услугами?; human: мы видим соль; bot: Видим, что корпоративную связь оплачиваете, а пользуетесь сейчас редко. Мм, планируете вернуться к прежней активности?; human: нам очень приятно что пошла нахуй; bot: Поняла вас, извините за беспокойство, до свидания!",60,200 OK,"hello_main, hello_default, clarification_main, clarification_main_tail, clarification_default_1, clarification_default_2, dont_disturb_hangup"
9263185,больше не звонить,негатив клиента от звонка,,"bot: Добрый день! Меня зовут Ольга, корпоративный отдел компании t2. Вам удобно сейчас минуту уделить?; human: стом я пользуюсь вашей симкой успокойтесь пожалуйста; bot: У меня один короткий вопрос по вашему договору. Мм…; bot: Дело в том, что мы заметили снижение трафика по вашему контракту.; human: каждый месяц задаете всегда вы успокоитесь; bot: Подскажите, пожалуйста, планируете ли вы пользоваться нашими услугами дальше?; human: вы каждый месяц звоните и каждый месяц спрашиваете 1 и тоже я планирую пользоваться этой симкой сколько это надо сказать я же за нет плачу; bot: Поняла вас, извините за беспокойство, до свидания!",39,200 OK,"hello_main, hello_default, clarification_main, clarification_main_tail, dont_disturb_hangup"
9263725,больше не звонить,негатив клиента от звонка,,"bot: Добрый день! Компания t2, меня зовут Ольга. Звоню по корпоративному договору, меня хорошо слышно?; human: спасибо за ваш звонок в ближайшее время вам ответят наши специалисты информируем что разговор записывается; human: оставайтесь на линии оператор ответит вам через 1 минуту; bot: Здравствуйте! Меня зовут Ольга, звоню из корпоративного отдела компании t2.; bot: Дело в том, что мы заметили снижение трафика по вашему контракту.; bot: Подскажите, пожалуйста, планируете ли вы пользоваться нашими услугами дальше?; human: какими; bot: Мы видим, что вы стали меньше пользоваться корпоративной связью. Уточните, пожалуйста, планируете ли продолжить пользоваться нашими услугами?; human: да то что вы звоните каждые 2 дня не поможет этому; bot: Поняла вас, извините за беспокойство, до свидания!",79,200 OK,"hello_main, hello_greetings, clarification_main, clarification_main_tail, clarification_default_1, dont_disturb_hangup"
9301996,больше не звонить,негатив клиента от звонка,,"bot: Добрый день! Компания t2, меня зовут Ольга. Звоню по корпоративному договору, меня хорошо слышно?; human: да; bot: Отлично!; bot: Дело в том, что мы заметили снижение трафика по вашему контракту.; bot: Подскажите, пожалуйста, планируете ли вы пользоваться нашими услугами дальше?; human: больше по этому вопросу пожалуйста меняя алло алло вы слышите меня; bot: Слушаю.; human: алло не звоните больше с этим вопросом; bot: Поняла вас, извините за беспокойство, до свидания!",33,200 OK,"hello_main, hello_thanks, clarification_main, clarification_main_tail, clarification_interruption_1, dont_disturb_hangup"
9302217,больше не звонить,негатив клиента от звонка,,"bot: Добрый день! Это компания t2, корпоративный отдел, Ольга. Минуту уделите, пожалуйста?; bot: Алло, слышно меня?; human: нет не могу а что вы хотите давайте так; bot: У меня короткий вопрос по вашему договору, буквально минута.; bot: Дело в том, что мы заметили снижение трафика по вашему контракту.; bot: Подскажите, пожалуйста, планируете ли вы пользоваться нашими услугами дальше?; human: к какому контракту; bot: Мы видим, что вы стали меньше пользоваться корпоративной связью. Уточните, пожалуйста, планируете ли продолжить пользоваться нашими услугами?; bot: Алло?; human: давайте конкретно какой договор; bot: Вы нашим абонентом являетесь. Это оператор мобильной связи t2.; bot: Вы планируете пользоваться услугами t2 дальше?; human: у меня так я прошу назвать номер договора прежде чем; bot: Ага, записываю номер.; human: нет я слушаю ваш от вас номер; human: по говору какого номера вы со мной сейчас связываете; bot: Угу, отлично.; bot: Дело в том, что мы заметили снижение трафика по вашему контракту.; bot: Подскажите, пожалуйста, планируете ли вы пользоваться нашими услугами дальше?; human: пошел к черту бот проклятый; bot: Поняла вас, извините за беспокойство, до свидания!",85,200 OK,"hello_main, hello_null_1, hello_wrong_time, clarification_main, clarification_main_tail, clarification_default_1, clarification_null_1, question_what_organization_1, clarification_tail_1, search_mdp_phone_1, search_mdp_thanks, clarification_main, clarification_main_tail, dont_disturb_hangup"
9417923,больше не звонить,негатив клиента от звонка,,"bot: Добрый день! Это компания t2, корпоративный отдел, Ольга. Минуту уделите, пожалуйста?; human: что не совсем удобно можете не перезвонить лучше завтра я сейчас просто здесь клиентов сижу; bot: Поняла вас, извините за беспокойство, до свидания!",20,200 OK,"hello_main, dont_disturb_hangup"
9448265,больше не звонить,негатив клиента от звонка,,"bot: Добрый день! Это компания t2, корпоративный отдел, Ольга. Минуту уделите, пожалуйста?; human: вы заебали уже сюда звонить блядь",10,200 OK,hello_main
9467289,больше не звонить,негатив клиента от звонка,,"bot: Добрый день! Компания t2, меня зовут Ольга. Звоню по корпоративному договору, меня хорошо слышно?; human: вы робот или человек; bot: У меня один короткий вопрос по вашему договору. Мм…; bot: Дело в том, что мы заметили снижение трафика по вашему контракту.; human: сое нахуй",16,200 OK,"hello_main, hello_default, clarification_main"
9514452,больше не звонить,негатив клиента от звонка,,"bot: Добрый день! Компания t2, меня зовут Ольга. Звоню по корпоративному договору, меня хорошо слышно?; human: хорошо скажите а вы с какой целью звоните 1 раз слышу; bot: Поняла вас, извините за беспокойство, до свидания!",15,200 OK,"hello_main, dont_disturb_hangup"
10018631,больше не звонить,негатив клиента от звонка,,"bot: Добрый день! Компания t2, меня зовут Ольга. Звоню по корпоративному договору, меня хорошо слышно?; human: алло да; bot: Отлично!; bot: Дело в том, что мы заметили снижение трафика по вашему контракту.; bot: Подскажите, пожалуйста, планируете ли вы пользоваться нашими услугами дальше?; human: я уже попросил уже вы алло алло алло; bot: Мы видим, что вы стали меньше пользоваться корпоративной связью. Уточните, пожалуйста, планируете ли продолжить пользоваться нашими услугами?; human: алло я заблокировал ваш номер",33,200 OK,"hello_main, hello_thanks, clarification_main, clarification_main_tail, clarification_default_1"
10024277,больше не звонить,негатив клиента от звонка,,"bot: Добрый день! Компания t2, меня зовут Ольга. Звоню по корпоративному договору, меня хорошо слышно?; human: да слышно; bot: Отлично!; bot: Дело в том, что мы заметили снижение трафика по вашему контракту.; human: да да слушаю вас; bot: Подскажите, пожалуйста, планируете ли вы пользоваться нашими услугами дальше?; human: да давайте я объясню девушка я не знаю почему у вас нет связи между отделами я уже 3 раз объясняю то что у нас в ресторан сейчас на ремонте мы вернемся к работе в декабре и продолжим работу и менеджер старый знает и новый менеджер мне звонила ознакомилась тоже я пояснял судет вы мне сейчас звоните; bot: Поняла вас, извините за беспокойство, до свидания!",50,200 OK,"hello_main, hello_thanks, clarification_main, clarification_main_tail, dont_disturb_hangup"
10025320,больше не звонить,негатив клиента от звонка,,"bot: Добрый день! Корпоративный отдел компании t2, меня зову Ольга. Меня слышно, да?; human: а вы какой ответ хотите; bot: У меня один короткий вопрос по вашему договору. Мм…; bot: Дело в том, что мы заметили снижение трафика по вашему контракту.; human: слушаю; bot: Подскажите, пожалуйста, планируете ли вы пользоваться нашими услугами дальше?; human: вы пропадаете вы умерли что ли я вопрос задала по договору или контракту; bot: Мм, мои коллеги заметили, что по вашему договору корпоративной связи снизился трафик. Ну то есть меньше звонков стало совершаться, активность уменьшилась. Поэтому хотим уточнить, планируете ли вы пользоваться нашими услугами дальше?; human: почему по тарифному плану правильно по тарифному плану они ты робот я с роботом разговаривать не буду нахер пошла отсюда; bot: Поняла вас, извините за беспокойство, до свидания!",62,200 OK,"hello_main, hello_default, clarification_main, clarification_main_tail, clarification_dont_understand_1, dont_disturb_hangup"
